{"cameraMode":{"drawMode":0,"name":"Shaded","section":"Shading Mode"},"sceneLighting":true,"audioPlay":false,"sceneViewState":{"showFog":true,"showMaterialUpdate":false,"showSkybox":true,"showFlares":true,"showImageEffects":true,"showParticleSystems":true},"in2DMode":false,"pivot":{"x":217.1639404296875,"y":1.0812597274780274,"z":-9.107538223266602},"rotation":{"x":-0.28051885962486269,"y":0.07821091264486313,"z":-0.02294040657579899,"w":-0.9563817381858826},"size":9.972793579101563,"orthographic":false}